0;DINHEIRO BLOQUEADO/SONHO DESTRUÍDO;"Abri uma conta no Nubank depois de propagandas que era um ótimo banco, que pagava rentabilidade do dinheiro depositado e que as TED são gratuitas, que era digital e por isso mais fácil, sem burocracia. Pois recebi um valor de R$40.01 na minha  conta  que alegam a conta de origem constestou e por esse motivo bloquearam mais de R$4.500,00 . FECHEI MEU NEGÓCIO COMO AUTÔNOMA, ESTOU PASSANDO NECESSIDADES E JÁ ESTOU COM DEPRESSÃO . Liguei várias vezes, passei e-mails, falei através do chat e eles disseram que esse bloqueio, somente um time de especialistas, poderiam desbloquear, porém esse &quot;time&quot; não tem telefone, só e-mail, ninguém mais resolve, ou seja, meu dinheiro está bloqueado. Eles disseram que o &quot;time&quot; vai analisar e mandar um e-mail para mim em 2 dias,  já vai completar 30 dias ou seja, estão usando meu dinheiro a quase 30 dias. Estou fazendo a reclamação aqui, mas vou fazer no PROCON , no BANCO CENTRAL e Pequenas Causas. Nunca vi bloquear a conta e não deixar o titular sacar ou fazer o que quiser com o seu próprio dinheiro. Sem contar que eu estava fazendo compras de roupas no Brás e Turitama e agora nem dinheiro pra comprar comida tenho. Espero que esse banco seja punido para que não faça mais isso com ninguém. <br /><br />Nome: Jeovana Neves de Sousa <br /><br />E-mail: aquisefaz.aquisepaga40@gmail.com";Aruanã;2020-08-19T19:09:21
1;Nubank não atende a solicitação de reembolso;"eu comprei um PRODUTO DIGITAL e ao constatar que era uma oferta enganosa solicitei o reembolso com o vendedor, na mesma data da compra<br /><br />a conta pela qual efetuei a compra foi imediatamente bloqueada pelo vendedor<br /><br />solicitei o reembolso ao Nubank e enviei prints que provam o bloqueio e a ausência de resposta do vendedor<br /><br />o Nubank  segue respondendo repetidamente que &quot;será necessário disponibilizá-lo para retirada ou realizar a postagem do mesmo nos Correios conforme orientação do estabelecimento&quot;<br /><br />se tratando de um SERVIÇO DIGITAL, não recebi nada pelos correios<br /><br />tampouco tenho acesso ao produto";Guarapari;2020-08-19T17:34:04
2;Reembolso não realizado;Realizei uma compra na Ponto Frio pelo cartão da Nubank bandeira Mastercard, porém cancelei a compra antes de emitirem nota fiscal, mas até hoje não recebi o reembolso pela bandeira do cartão, pois pela ponto frio já foi resolvido, a Nubank diz que precisa aguardar, mas já fazem 3 meses e nada aconteceu na minha fatura !!;Sertãozinho;2020-08-19T16:49:28
3;Conseguiram tirar a melhor funcionalidade do nubank;A melhor ferramenta do cartão era poder colocar tag e pesquisar rapidamente todas as compras feitas, simplesmente tiraram essa funcionalidade só da pra pesquisar no mês corrente, decepcionado com o nubank, agora para saber uma compra que fiz em 2016 tenho que baixar fatura por fatura até encontrar, o que fazia simplesmente com uma # casa por exemplo, ficou igual a qualquer outro cartão. Trocando por C6 em 3.2.1...foi.;Bento Gonçalves;2020-08-19T16:37:41
4;Negativa no pedido de um cartão de crédito.;Sou cliente Nubank a algum tempo, não tenho nada de negativo para falar da empresa, a não ser pelo fato de  sempre solicitar um cartão de crédito e o mesmo ser recusado, eu possuo o score mediano e tenho o nome limpo, vi alguns anúncios de que a empresa Nubank estava liberando um cartão de crédito com um limite de R$50, a nível de teste, e nem esse eu consigo.<br />Gostaria muito de saber o por que e que não seja somente as informações das mensagens automáticas que recebo.;São Paulo;2020-08-19T16:36:30
5;Não está mandando minhas informações;Meu score não sobe por que a nubank não está enviando as minhas informações, para o Serasa Brasil é nem pro Boa Vista,preciso que eles envie minhas informações;Presidente Dutra;2020-08-19T16:36:16
6;Entrega de cartão;No dia 19/07 fiz duas contestações de compra e meu cartão fisico foi bloqueado. Me enviaram o cartão novo e ate hoje 19/08 eu ainda não vi a cor do cartão. A entrega ultrapassou a data do app, ultrapassou a data do correio. Toda vez que entro em contato atraves do chat é pra me falarem que tem mais 10 dias de prazo, que tem mais nao sei quantos dias pro correio dar retorno... Isso é um descaso, a ultima atualizaçao do correio é do dia 27/07 e o nubank não consegue me dar uma informaçao além de esperar esperar e esperar.;Sarandi;2020-08-19T16:15:57
7;Nubank [Editado pelo Reclame Aqui] conta;Boa tarde<br /><br />Meu nome é Glauber no dia 18/08/2020 acordei cedo para trabalhar como de costume, fui trabalhar parei minha moto para abastecer as 09:13 da manhã num posto de gasolina onde sempre abasteço de costume, fui trabalhar como trabalho de moto quase não mexo no telefone, fazendo as entregas normalmente, parei quando acabei de fazer as entregas quando fui assaltado no Recreio dos bandeirantes por volta das 12:50 na rua doutor crespo, levaram meu telefone, documentos, cartões, a chave da moto, então passou um motoqueiro e me ajudou me emprestou o telefone, consegui pegar minha chave reserva da moto e segui para casa, isso já era por volta das 17:40 ou mas um pouquinho por que já estava escurecendo parei para fazer o pagamento no outro telefone que tenho liberado para o nubank quando dei falta de um valor na minha conta R$15.750,00 mas como assim se eu pra transferir R$3 mil me negaram como tinha em casa fiz com dinheiro, entrei em contato com ó nubank e eles falaram que vão investigar, tudo bem concordo mas é meu dinheiro como fica, fiquei 1 ano pra juntar o dinheiro suado com muito trabalho e vai assim sem mas sem menos, estou sem dinheiro nenhum agora, pq tive que pagar algumas contas peguei dinheiro emprestado para fazer compra para minha filha comprar leite e aí como eu fico, vou aguardar o posicionamento do nubank até o dia 31/08/2020 logo após não tendo solução vou entrar na justiça tendo em vista que já fui orientado por 3 advogados, ainda tenho o constrangimento de passar por isso tudo por falta de segurança até agora me pergunto como liberaram uma transferência tão alto sem ao menos me ligar para confirmar, como conseguiram minha senha do banco me pergunto isso toda hora já que não tenho ela anotada em nenhum lugar;Rio de Janeiro;2020-08-19T16:12:59
8;Caí em um [Editado pelo Reclame Aqui] no cartão e o Nubank se recusa a cancelar a compra.;"Caí em um site espelhado do governo <br />- Portal do empreendedor (não era um site oficial) e infelizmente cheguei a finalizar uma compra nesse site. Quando percebi o [Editado pelo Reclame Aqui], pesquisei e notei que muita pessoas estão alertando para isso, e não obtiveram qualquer resposta do site (portaldoempreendedor.me) para reaver o valor (afinal, esse é o objetivo deles, o [Editado pelo Reclame Aqui]).<br />Entrei em contato com o Nubank para cancelarem a compra no meu cartão, enviando prints do site [Editado pelo Reclame Aqui] e também do site do SEABRE relatando o [Editado pelo Reclame Aqui], mas o Nubank insiste em pedir que eu solicite ao portaldoempreendedor.me para &quot;cancelar a compra&quot;. Eu devo esperar a boa vontade de um site que me [Editado pelo Reclame Aqui]u (pois não operam o serviço) enquanto o banco de recusa a cancelar uma compra que ainda não foi processada?";Campinas;2020-08-19T16:07:55
9;Transferência;Não estou conseguindo fazer transferência, sempre diz que é erro de conexão. Mas minha internet está boa. Verifiquem, por favor!;Ibateguara;2020-08-19T16:06:33
10;Transferência;Não estou conseguindo fazer transferência, sempre diz que é erro de conexão. Mas minha internet está boa. Verifiquem, por favor!;Ibateguara;2020-08-19T16:06:33
11;Conta bloqueada;Estou a mais de 15 dias com a nuconta bloqueada. Eles estão cobrando alguns recibos desses recebimentos que aconteceram a meses atrás. Quem tem que guardar os recibos é quem está me pagando e infelizmente essas pessoas alegam que não tem mais acesso aos mesmo. O dinheiro foi creditado na conta e agora não posso movimentar meu dinheiro que está preso lá. Isso é muito constrangedor. Me mandaram um e-mail pedindo pra aguardar as análises por 2 dias, depois 5 dias e ontem, mais 20 dias. Depois vão pedir mais quanto tempo? Enquanto isso eu faço o que? Solicito o desbloqueio, para que eu possa realizar o cancelamento da conta e a transferência do meu saldo.;Alexandria;2020-08-19T15:50:09
12;Cartão bloqueado;Tive meu cartão bloqueado dia 19/08/2020<br /><br />Por um contestação de transferência <br /><br />Estou com o comprovante da transferência que o cliente fez pra min e quero o desbloqueio da minha nu conta <br /><br /><br />Pois o cliente contestou a transação por engano;Goiânia;2020-08-19T15:37:54
13;Cancelamento de compra cartão clonado;Olá, tive o cartão de crédito da Nubank clonado no dia 08/08 e em contato com a operado do cartão foi informado que não poderiam fazer nada que o mesmo deveria entrar em contato com o Pagseguro que foi aonde o cartão foi passado, em contato com a operado da maquininha abriram a solicitação de cancelamento da máquina e enviar por e-mail aonde a máquina estava cadastrada é uma residência. <br />Em contato novamente com a Nubank para informar que já havia entrado em contato com a Pagseguro para o cancelamento da compra novamente foi informado que não poderiam fazer o cancelamento.<br />Deixo aqui minha indignação de uma operado de cartão de crédito informar que não poderia cancelar nenhuma compra sendo o código de defesa do consumidor diz que o cliente pode fazer qualquer cancelamento em 7 dias, sendo que o cartão foi clonado e não foi passado por mim.<br />Abri o boletim e estou abrindo um processo pois achamos um absurdo informarem que não podem fazer o cancelamento e também já foi cancelado o cartão pois não quero mais transtorno com essa operadora de cartão.;São Paulo;2020-08-19T14:47:20
14;100% INSATISFEITO COM ATENDIMENTO E COM A EMPRESA;Bom, sou cliente da Nubank a quase 2 anos, e durante esse tempo eu sempre estive pagando as faturas em dia, com exceção da fatura de mês 06 deste ano, onde paguei em atraso, mas entrei em contato com a empresa com antecedência para informar (até pedi para eles prorrogarem o vencimento, mas disseram que não era possível então paguei com juros e multa). O limite do meu cartão de crédito é muito abaixo da renda mensal, então sempre peço aumento do limite e eles negam. O que me deixa mais insatisfeito é que eles criam uma desculpa diferente tod vez que entro em contato. Primeiro disseram que só o app pode solicitar, depois disseram que eu preciso usar 100% do limite por pelo menos 3 meses, disseram também que não podem aumentar por causa que a fatura do mês 06 foi pago em atraso, disseram também que meu score é baixo (eu tmb n sei como eles querem que aumente se não me dão crédito), enfim, cada vez é uma desculpa que difere do atendimento anterior. Eu estou mais que insatisfeito, estou me sentindo um palhaço.<br />Sempre uso 100% do meu limite em menos de 07 dias após o pagamento. Essa é a pior operadora de crédito que temos!!!!!;Mossoró;2020-08-19T14:44:16
15;Limite de crédito;Faz mais de 1 ano que tenho o cartão e eles não aumentam meu limite.<br />Faço antecipação de pagamento, pago limite a mais na fatura pra poder gastar, e eles nunca aumenta o limite.<br />Sem contar que meu score é muito alto.;Mariana;2020-08-19T14:22:03
16;descaso perante o [Editado pelo Reclame Aqui] de [Editado pelo Reclame Aqui];realizei duas transferências no dia 12/08/2020, porem alguns minutos depois descobri se tratar de um [Editado pelo Reclame Aqui], entendo a partir do momento em que confirmei a transferência com a minha senha a mesma se torna de minha responsabilidade, porem enviei os dois b.o. referente ao [Editado pelo Reclame Aqui], o realizado por mim e o do meu amigo que teve o celular clonado, inclusive a conta recebedora também é nubank oque deveria facilitar a resolução, oque não ocorreu, não recebi o estorno, sendo assim a conduta da empresa se fez conivente e facilitadora ao [Editado pelo Reclame Aqui], pois eu fiquei no prejuízo enquanto a outra parte teve total proteção da empresa como instituição bancaria para usufruir do dinheiro conseguido ilegalmente.;Cascavel;2020-08-19T14:02:44
17;Cobrança Indevida;Embora a renovação do curso da Estrategia tenha sido cancelado desde Janeiro de 2020, comprovante já enviado n vezes ao Nubank , vem sendo debitado em minha fatura a importância mensal de R$ 99,97.<br /><br />Já pedi a regularização diversas vezes e não sou atendido.;Vitória;2020-08-19T13:53:59
18;E-mails não possuem opção de CANCELAR RECEBIMENTO;"De: todomundo@nubank.com.br &lt; todomundo@nubank.com.br &gt; <br />Enviada em: sexta-feira, 14 de agosto de 2020 09:05<br />Para: Fábio<br />Assunto: Nos ajude a manter seus dados atualizados!<br /><br /><br />Toda semana mesmo e-mail recebido, SOLICITO O CANCELAMENTO PERMANENTE DE QUALQUER ENVIO POR PARTE DA NUBANK PARA MEU E-MAIL, NÃO SOU MAIS CLIENTE, NÃO QUERO MAIS SABER DE NUBANK";Caxias do Sul;2020-08-19T13:48:39
19;Não conseguem resolver parcelamento de fatura;Quero fazer uma antecipação de pagamento. Estou desde ontem falando com vários atendentes e ninguém consegue resolver nada.Fiz um pagamento de um boleto que ninguém consegue me dizer referente a qual parcelamento é.Liguei na ouvidoria, e eles não podem resolver. Estou faz 15 minutos aguardando para falar com alguma área. Não recomendo o Nubank, quando é algum problema de verdade, ninguém resolve. Já vou cancelar o cartão e a conta.;São Paulo;2020-08-19T13:44:16
20;Bloqueio na conta;Bom fiz uma conta na nun bank pra ver se conseguia um cartão de crédito porém n foi aprovado e disse pra movimenta q conta para pode ser aprovado futuramente ontem fiz uma transferência de 1000 e depois mandei pro meu filho depois fiz outra de 3000mil até AE TD certo quando fui manda pro meu filho bloquearam minha conta eu estou precisando do dinheiro pois o msm e para meu filho compra a moto dele, ele perdeu o dia de trabalho pq tava lá esperando o dinheiro cair na conta e paga a moto e não caiu lá, se e o pelo valor alto pq eles aceitam o dinheiro e depois bloqueia eu precisando do dinheiro e eles querem que espere 5 dias úteis e muito tempo se soubesse disso tinha transferido direto do Bradesco pra conta do meu filho o próprio banco (Bradesco) transferiu o dinheiro tranquilamente e eles (nunbank) ficam com coisa pra libera meu dinheiro <br /><br />Não recomendo a ninguém  a fazer conta na Nun Bank;Guarulhos;2020-08-19T13:42:26
21;Cancelamento de boleto nubank;Preciso cancelar o pagamento deste boleto 23791.22928 60005.889245 22000.046908 6 83570000038430<br /><br />Paguei ele hoje, às 9h20, em minha conta nubank.<br />Mas tão logo paguei, tentei cancelar. No app da Caixa e BB, que uso, é muito fácil fazer isso, pois o boleto só tem compensação na meia noite.<br /><br />Mas não achei como fazer isso no Nubank.<br />Assim, abri um chat pelo app 5 minutos depois de ter efetuado o pagamento, e após mais de QUATRO horas esperando, falando com computador ou atendente que transferiu para outra pessoa atender, eu não recebi resposta de como fazer isso.<br /><br />Assim, tento este canal para tentar resolver meu problema.;Porto Alegre;2020-08-19T13:37:05
22;Saldo da Nubank com bloqueio preventivo;Boa tarde.<br />Abri uma nuconta e depositei 5 mil reais.<br />Porém o meu dinheiro está retido, já tem três dias q estou tentando transferir e não consigo, já fiz todos os procedimentos possíveis e nada resolveu...Eles simplesmente bloquearam o meu dinheiro e preciso urgente q eles liberem, pois estou dependendo desse dinheiro pra pagar um carro;Serra do Ramalho;2020-08-19T13:29:49
23;Parcelamento da Fatura - Abusivo;Minha fatura venceu dia 17/8 com o valor de R$1921,22<br /><br />Efetuei pagamento de R$400 e faria o restante dias após.<br />Porém entrou sem minha autorização um parcelamento de fatura, sem nem sequer um comunicado informando sobre isso.<br />Tornando o valor total a ser pago EXORBITANTE - 2.742,75<br /><br />Quero resolver isso da melhor forma pois estou me sentindo extremamente [Editado pelo Reclame Aqui] por esse banco;São Bento do Sul;2020-08-19T13:15:09
24;Falha de atendimento;Foi feito um depósito através de boleto ,e digitado um número errado, como na transação a nubank não dá opção de confirmação se está correto, o valor entrou em outra conta<br />Já fiz contato inúmeras vezes e não resolveram o problema, enviei o comprovante, dizem que estão aguardando o cliente que recebeu o valor, mas já faz muitos dias;São Paulo;2020-08-19T13:09:23
25;Descaso com o cliente;1 - Entro no Chat e pergunto se tem limite para transferencia.<br /> - NuBank responde como não.<br />2 - Tento fazer a transferencia.<br />- NuBank limita transferencia.<br />- NuBank bloqueia conta.<br />- NuBank usa as piores respostas automáticas no chat e email e não me ajudam em nada.<br />- NuBank diz que a conta está desbloqueada, mas não posso fazer transação.<br /><br />Estou há 3 dias sem conseguir fazer nada, sem conseguir contato e sem resolver meu problema.<br />Estou há 3 dias sem o MEU dinheiro que voltando ao ponto 1 foi bloqueado mesmo eu perguntando sobre o LIMITE.<br /><br />Cara, é decepcionante como esse atendimento automatizado do NuBank é ruim.<br /><br />Enfim, o problema continua e seu sem poder usar minha conta.;Curitiba;2020-08-19T12:52:12
26;Cartão de crédito;Já tenho conta nubank, movimento a conta, tenho o cartão de débito, porém já tentei por 3 vezes conseguir o cartão de crédito e não é liberado, um absurdo, pois há pessoas sem renda, sem movimentação na conta e possuem o cartão de crédito. A nubank só vem me decepcionando e não sabem escolher seus clientes para liberar o crédito.;Recife;2020-08-19T12:41:00
27;Aumento de limite;Eles não aumentam meu limite de forma alguma, me liberaram só 200, oq é ND credito, só esse mês eu tive de antecipar mais de 1000 reais na fatura para conseguir ultilizar o cartão, vou cancelar minha conta, não posso valorizar quem não me valoriza;Ibotirama;2020-08-19T12:40:59
28;Não consigo transferir de jeito nenhum;Criei a minha conta no Nubank, mandei todos os documentos, foto minha segurando identidade. Gerei um boleto que foi pago e o valor bateu hoje na conta. Tentei fazer uma transferência quando deu a seguinte mensagem: tivemos um problema na sua conexão, atualize o histórico de movimentações. Atualizei e nada. Desinstalei o programa. Instalei de novo. Mandei documento. Aguardei 3 horas. O aplicativo foi liberado, mas eu continuo sem conseguir fazer a transferência. Eu preciso que resolva porque eu tenho pagamentos urgentes a ser feito e o dinheiro que é meu e não do Nubank não sai da minha conta por nada. Mandei email. Entrei no chat e nada. Preciso de uma solução e é urgente.;Rio de Janeiro;2020-08-19T12:36:19
29;Boleto de quitação BV financeira;Venho por aqui relatar tudo que aconteceu comigo no dia 07/7/2020 , pois faltavam 2 prestações do financiamento para terminar, porém tinha eu um dinheiro sobrando, que imediatamente entrei em contato com o número 55 11 961822123, onde fui atendido como se fosse setor de quitação da BV, passei todos os dados que me foi pedido, e eles mandaram pelo email : contato@maqbarbosa.com um boleto NU bank com todos os dados da BV financeira, e o valor a pagar de R$811,21 no dia 07/07, referente a quitação do contrato de cdc 12085000090106_1, e com posse do boleto paguei pelo app banco do Brasil onde sou correntista, porém para minha surpresa no dia 06/8, soube que esse boleto era falso, pois não foi dado baixa junto a financeira BV.;Rio de Janeiro;2020-08-19T11:57:16
30;Não consigo acessar minha conta e o atendimento não me dá retorno;Recentemente troquei de aparelho celular, e para acessar o aplicativo no novo aparelho era necessário lembrar a senha de acesso. Não lembrei e selecionei a opção para que me enviassem um email para trocar a senha, esse email nunca chegou. Entrei em contato através do email meajuda@nubank.com.br (dia 13/08), me responderam de forma automatizada enviando instruções prontas, onde diziam pra eu ir no aplicativo e selecionar a opção receber de email para trocar a senha (como já tinha feito). Expliquei a eles que o email para trocar a senha não estava chegando pra mim (dia 13/08), não me responderam, enviei ontem (dia 18/08) outro email dizendo que estava à disposição para qualquer comprovação que precisasse ser feita, não me responderam. Não posso esperar mais, estamos falando de conta, dinheiro, prazos, algo extremamente importante. <br /><br />Agora estou sem acesso à minha conta, e o atendimento deles (com fama de ser ótimo) não está funcionando (pelo menos pra mim). Preciso acessar minha ou cancelar mesmo, se for o caso, porque se for pra precisar de outra ajuda e não ter retorno, prefiro cancelar a conta.;Candeias;2020-08-19T11:46:23
31;chargeback;Olhando a fatura do meu cartão de crédito , vi uma cobrança que eu não reconheço de um aplicativo , imediante reportei para a nubank a cobrança indevida e não fizeram o estorno . fui no chat e a pessoa informou que não é responsabilidade da adm do cartão , que eu teria que entrar em contato com o  vendedor . Como que vamos ter acesso a um vendedor que usa de forma fraudalenta o cartão de credito ?? muito sem coerência .<br />sendo que a mocinha que me atendeu desconhece esse artigo .Direitos do Consumidor<br />O consumidor que é vítima de [Editado pelo Reclame Aqui] no cartão tem o direito de pedir a suspensão de compras feitas indevidamente. Caso pague as contas cobradas a mais sem perceber ou a administradora insista em fazer a cobrança, o consumidor deve receber o valor de volta em dobro. <br />Estou por meio desse canal solicitando o cancelamento da compra indevida e caso não seja solucionado ,  irei passar para um advogado para ser restituido do valor pago .;Fortaleza;2020-08-19T11:36:58
32;Tinha um empréstimo pré-aprovado e sumiu;Entrei ontem e tinha um valor disponível de empréstimo de 9.000, porém hoje eu ia contratar um valor de 3.500 para investir em um negócio, fiz as simulações tranquilamente, porém na hora de contratar deu um erro e ao retornar ao início, o valor sumiu e apareceu uma mensagem dizendo que não tenho empréstimo disponível, é lamentável, pois além de ajudar no desenvolvimento do meu negócio, eu não teria que recorrer aos grandes bancos. Porque acontece isso?;São José do Rio Preto;2020-08-19T11:33:56
33;A wisk mim embolsou e assim mesmo esta vindo combrando mas uma parcela;Comprei um produto na wisk mas quando foi ver agora no meu cartão da nunbak eles ainda esta cobrando ainda uma parcela parcelei de 4 vezes eles so mim reembolsaram 3 parcelas nao estou entendo entro em contato com o cartão e eles nao estão mim respondendo;Irará;2020-08-19T11:27:27
34;Crédito;Uso a Nubank desde o ano passado, recebo pela conta deles, uso quase todo santo dia o débito com o cartão e meu score é alto mas não me dão crédito nem com limite baixo, qual a dificuldade de dar a droga do cartao de crédito? Eu tô vendo muita gente que está cheio de dívida no nome conseguindo o crédito e o meu nada, que análise furada a de vocês...;Belém;2020-08-19T11:14:30
35;Aumento de limite negado;Gosto do nubank e cancelei todos os meus cartões de crédito para ficar exclusivamente com o nubank, no entanto, preciso fazer uma compra específica e eles não aumentam o meu limite, que por sinal é muito baixo e não condiz com a minha renda. Estou bastante insatisfeita a ponto de querer parar de utilizar o nubank e voltar para o meu antigo banco.<br /><br />Poderiam resolver meu problema ou terei que deixar de ser cliente de voces?;São Paulo;2020-08-19T11:10:31
36;CARTAO CLONADO / FURTADO;No dia 14 de agosto de 2020 foi realizada uma compra de R$ 1.000,00, às 03:27h da manha no meu cartão. Quando verifiquei, o cartão não estava comigo de fato, mas não reconheço a referida compra (a essa hora da manha estava em casa dormindo!!!) Entrei em contato com a Nubank e no e-mail deles simplesmente disseram que por ter sido o cartão usado de forma física não configuraria [Editado pelo Reclame Aqui] e não teria nada a ser feito. Nao tive mais retorno deles e simplesmente fui [Editado pelo Reclame Aqui]!;Belo Horizonte;2020-08-19T10:56:04
37;falta de relacionamento com cliente;eu tive meu cartão de credito nubank em 2017, tive problemas com pagamento, mas paguei e o mesmo foi cancelado ... hoje 3 ano depois do acontecido a empresa ainda nao desbloqueei meu cartão e nao o libera ... falta relacionamento com cliente ... pois sou uma cliente potencial como qualquer outro cliente.;São Caetano do Sul;2020-08-19T10:50:00
38;TENTATIVA DE NEGOCIAÇÃO;Desde o mês de junho venho junto á empresa Nubank, uma forma de negociação de meu débito, dado o momento ao qual vivemos no país.<br />Meu débito encontrava-se no início da pandemia restando 3 parcelas de 190,08 totalizando R$ 570,24.<br />Desde o mês de julho a terceira denominada Grupo Service, faz ligações diárias cobrando a dívida, ligações que comecei a gravar por tal prática começar a ser abusiva, chegando em até 20 ligações por dia, ligando ainda em telefones fora do cadastro como de minha empresa, atrapalhando meu trabalho, sossego e silêncio, visto que as mesmas ocorrem aos sábados após o período permitido em lei.<br />Ainda em uma das ligações do grupo service ( gravadas) causou-me constrangimento, visto que estava com terceiro proximo, e cansei de solicitar que a mesma fosse realizada pós meu expediente, explicando que sou uma pequena empresária.<br />Na data de 13/08, fiz contato com a Nubank buscando novamente uma negociação, sendo esta negada.<br />Na data de hoje ás 7:30h recebo uma ligação do Grupo Service, e a atendente tirando sarro da minha cara, perguntou-me: A senhora não quer falar comigo hoje?<br />Acredito que em um momento ao qual vivemos empatia e respeito deve se prezar, portanto, peço ajuda deste instituição afim de encontrarmos uma forma de negociação para quitar o presente débito.<br />Minha proposta a Nubank e de R$ 450,00.<br />Lembro que o presente débito já se tratava de uma negociação, então já está acrescido de juros e multa e na ligação de 13/08, o atendente referiu-se que a nubank é a única empresa que não está acrescentando juros dado a pandemia, no entanto estão me obrigando a pagar 873,00 de uma dívida de R$ 570,24.<br />Aguardo retorno.;Araraquara;2020-08-19T10:39:03
39;Propaganda Enganosa.;Abri uma conta digital neste banco, fiz um depósito de R$ 25,00, conforme exigido, me foi prometido um cartão de crédito com limite. Quando recebi em casa o cartão do banco, para minha surpresa constatei que o cartão era só para débito. Diate disto me senti [Editado pelo Reclame Aqui] enquanto consumidor, fui vítima de propaganda enganosa, este banco não cumpriu o que prometeu no anúncio de seu produto.;Blumenau;2020-08-19T10:29:40
40;Pagamento débito por boleto não debitado na conta.;Paguei um boleto de débito para minha conta no dia 12/08/2020 e até o momento não foi creditado o valor. Esse atraso está me causando prejuízos.<br />Tentei conversar no chat do app, mas só vem mensagem automática que não resolve em nada o problema.;Teixeira de Freitas;2020-08-19T10:24:32
41;NUBANK NAO INDICO PRA NINGUEM;A instituição financeira NUBANK, tirou 200$ da minha conta sem nenhum motivo ou razão, cancelei a conta, e não me devolveram o dinheiro, espero que ninguém mais caia nessa cilada desse banco lixo, vou atrás dos meus direitos pois isso não pode acontecer, BANCO LIXO.;São Paulo;2020-08-19T10:21:38
42;Aumento do limite;Bom dia, gostaria de pedir aumento no meu cartão, pois pago sempre em dia e meu limite é pouco, ja estou pensando em cancelar porque desde o dia que eu fiz que não consigo aumentar!;Pilar;2020-08-19T10:08:04
43;Aumento de Limite;Gostaria de mais limite, sou cliente antiga.;São Bernardo do Campo;2020-08-19T10:04:09
44;Não consigo tirar o dinheiro da conta;Eu tentei transferir o dinheiro para uma conta do meu esposo mas sempre quando eu vou transferir pede uma foto e eu não tenho carteira de identidade só tenho carteira de trabalho resolvem isso por favor tem r$ 1000 lá eu tô precisando muito desse dinheiro aguarda a resposta;Feira de Santana;2020-08-19T09:51:14
45;Bloqueio e cancelamento;Tudo começou dia 3/08 quando minha conta foi bloqueada Por motivos swfurança segundo eles. E pediu para enviar a mensagem para o e-mail meajude@nubank e espera até 2 dias para retorno. Eu esperei porém nada de retorno. Liguei para ouvidoria onde aí sim mim retornaram com um e-mail solicitando envio de documentos entre eles comprovantes de depositos feito voa boleto por terceiros(familiares para ter acesso ao dinheiro do auxilio do caixa tem sem ter que esperar por muito tempo. Como eles mesmo induz a pessoa antecipar com eles.) Porém os antigos já não tinha apenas os mais recentes dos mês de julho e junho. Mandei todos documentos pessoais e esperei o prazo de 6 dias. Sendo que o envio foi feito dia. 06/08 e tbm não tive retorno. Procurei a ouvidoria nada resolveu. Retornei o contato via e-mail para o mim ajude e retornaram com um novo prazo de 20 dias. Então minha saída é o cancelamento e tbm não pode fazer por conta do saldo que está bloqueado e por isso não posso cancelar. Por que preciso transferir o saldo para concluir o cancelamento da mesma. Pois não mim interessa mais continuar nessa instituição financeira. Nada contra o bloqueio mais sim a demora na verificação e desbloqueio. Se é para ter um banco digital e não poder usar não vejo porque continuar. Cancelamento é tudo que quero.;Feira de Santana;2020-08-19T09:50:43
46;COmpra não concluida e fui cobrado;FIz a compra de valorant points no jogo da riot, no entanto deu erro na hr da compra e mesmo assim fui cobrado, a mesma mandou eu procurar o meu banco do cartão, nisso a propria nubank disse q tenho q procurar a riot, infelizmente n sei quem procurar mais so quero meu reembolso.;Tanque Novo;2020-08-19T09:41:38
47;Transferência;Fizeram uma transferência de 800 reais pra minha conta . Me mandaram o comprovante é realmente descontou <br />Eu recebi apenas 80 reais do valor;Duque de Caxias;2020-08-19T09:38:57
48;Não resolvem nada pelo chat;Tenho um crédito de confiança no valor de 505,03 durante três meses no valor de 168,35. Todo mês no dia que fecha a FAT tenho que falar pelo chat, que não estão abatendo o valor automaticamente, tenho que falar sempre passo horas falando com atendentes e mudam de atendente o tempo todo, cada um da uma resposta diferente, a maioria não sabe nem usar o sistema, não entendem nada, resolvam esse problema por favor;Maceió;2020-08-19T09:28:53
49;Desconto de recarga sem entrar a recarga;Bom dia, fiz uma recarga no meu celular pelo atendimento telefônico da operadora, porém está recarga não entrou no meu número de celular fui verificar nas configurações e percebi que faltava 2 dígitos do meu número e mesmo assim foi descontado 15 reais já está na fatura do cartao, agora gostaria de entender como fazem uma recarga para um número que não existe pois faltava 2 dígitos já entrei em contato pelo chat s ninguém me responde.Quero o estorno pois não vou pagar 15 reias de uma recarga que não entrou no meu número .;Campinas;2020-08-19T09:09:39
50;NÃO CONSIGO CANCELAR MINHA CONTA;"Bom dia, venho tentando cancelar minha conta todos os dias mas nao consigo, não existe saldo, debito em contas e nada que me prenda lá. Na hora de vender um banco democrático e livre de burocracias eles mostram agilidade, porém na hora de atender o cliente bem fogem de &quot;fininho&quot;. Sugiro a todos que estejam pensando em tornar-se clientes NUBANK que procurem o C6 bank ou Banco Inter, além de atender o cliente de uma maneira mais ampla, o atendimento e suporte dá um &quot;show&quot; no nubank. <br /><br />É lamentável que em meados do de 2020 ainda tenhamos que desperdiçar nosso tempo vindo no reclame aqui expor nossas dificuldades em relação a empresa NUPAGAMENTOS para ai sim resolverem os problemas, com certeza irei impactar negativamente a empresa para os meus amigos, familiares e funcionários.";Joinville;2020-08-19T09:08:58
51;Descumprimento de Acordo;Foi transferido meu auxilio emergencial para a conta Nubank, e onde tinha um acordo de um pagamento mensal que é bem menor que o auxilio, e quando o valor do auxilio caiu na conta Nubank automaticamente eles utilizarão o saldo para adiantar as parcelas do acordo sem a minha aprovação, e o dinheiro que caiu se chama auxilio emergencial não é atoa.<br />tenho dois filhos pequenos e onde cubro as necessidades deles com este dinheiro e já se vão quase 30 dias de repostas não esclarecedoras, e hoje me falaram que não podem devolver o dinheiro. Vou ter que brigar na justiça pelo um erro que eles cometeram e por um dinheiro que pra mim sim fara falta. parece que acordos pra eles não são importantes;Nova Lima;2020-08-19T08:51:47
52;Cartão clonado e o novo entregue para desconhecido;Tenho o cartão Nubank, do nada o cartão físico foi clonado, sendo realizada duas compras.<br /><br />Entrei em contato, reportei o caso e me disseram que enviaram outro. Pois bem, um mês depois está na no app constando como cartão entregue.<br /><br />Mas não chegou cartão nenhum! E o pior, entregaram para uma pessoa X na rua.<br />Moro num condomínio onde tenho 2 vizinhos (casais) é só! Então sei bem o nome de todos.<br /><br />Aí entregaram para um cara qualquer, que não mora e não poderia estar aqui no endereço de casa.<br /><br />Então agora estou com duas compras não realizadas, estou a um mês sem o cartão e agora faço o que? Espero mais um mês para entregarem meu cartão pra alguém na rua de novo?;Sorocaba;2020-08-19T08:50:51
53;boleto fraldado;recebi um boleto bv financeira efetuei o pagamento mais o boleto era fraldado pagamento foi para nu pagamentos s.a . quero receber o dinheiro de volta;Belém;2020-08-19T08:39:53
54;Cartão de crédito;Banco que não libera limite <br />Não tenho nenhuma restrição é até hoje não liberam nenhum crédito <br />Sendo que abrimos conta tbm contando com um cartão <br />Propaganda enganosa <br />Tenho conta nubenk há quase um ano <br />Não recomendo;Brasília;2020-08-19T08:38:29
55;Transferência sem êxito;Bom dia, estou desde ontem tentando fazer a transferência do dinheiro para uma conta caixa ou pra uma Bradesco mas não consigo pois fica Pedindo para atualizar estou precisando desse dinheiro urgente!;Queimados;2020-08-19T08:21:40
56;Dinheiro bloqueado;No dia 06/08 bloquearam a minha conta por conta de um boleto que recebi. Além de receber minha renda extra pela nubank eu também recebo meu salário fixo todo mês! No dia 7 os atendentes me pediram pra enviar os meus holerites e conprovante dos boletos, dos 4 boletos que recebi, tenho comprovante apenas de 1 sendo que foi a mesma pessoa que pagou todos e que por analise minha conta ficaria bloqueada por 20 dias uteis podendo ser prorrogado, mais isso não é possível  pra mim pois meu salario que recebiestá bloqueado não consigo movimentar e meu aluguel, minha conta  de agua e luz estão atrasadas. Mandei meus holerites atualizados de acordo coma  solicitação . No dia 8 solicitei que eles agilizassem o procedimento, pois estou com minhas contas atrasadas e infelizmente juros estão correndo e  pediram novamente as fotos dos mesmos comprovantes que eu ja tinha enviado e pediram para aguardar por mais 20 dias úteis podendo ser prorrogado. No dia 11 eu liguei na ouvidoria do nubank fiz uma reclamação pois recebo meu salario e não posso movimentar sendo que preciso do dinheiro para minhas despesas. Eles me informaram que eles entrariam em contato via email. No mesmo dia entraram em contato comigo, disse que minha conta seria excluida e pediram minha agência e conta para transferir o valor que estava la.  Passei novamente , eles excluiram até o cartão virtual,  no dia seguinte mandaram email pedindo para aguardar até que a minha situação seja resolvida para poderem transferir o valor para minha outra conta.  Eu estou com mais de 10 dias de atraso de aluguel, não tem como eu esperar, gosto muito da minha nuconta, mais se cancelar for mais rapido para transferir o valor pra minha conta podem cancelar. Não tem como eu aguarda mais 15 dias . Tudo vocês resolvem por e-mail o atendimento é pessimo, falta de respeito com os clientes.  Cada atendente fala uma coisa,  um fala que vai transferir o valor o outro pra aguardar mais 20 dias. Eu não tenho como aguardar isso. E peço por gentileza que vocês transfiram o valor  para conta que eu passei!!!!;São Paulo;2020-08-19T07:30:43
57;Bloqueio preventivo dos produtos nubank;Bom trabalho com vendas, sempre usei minha conta nubank normal hoje recebi 2 pagamentos que totalizam R$ 745 ,00 quando chega a noite fui passar meu cartão e deu não aprovado ,fui verificar a conta e está lá o valor ao chegou um email falando que minha conta tá bloqueada temporária por motivo de segurança.  Meu esse dinheiro é das minhas vendas como vou trabalhar? PRECISO DESSE DINHEIRO,BLOQUEARAM DO NADA MINHA CONTA!!! QUERO MEU DINHEIRO E MINHA CONTA D4 VOLTA;São Paulo;2020-08-19T02:30:07
58;Quero o reenvio do meu cartão;Pedi meu cartão e vocês deixaram um aviso de que a estimativa de entrega seria em 18/08, ontem. Porém, fui entrar hoje no site do correio para ver se o cartão chegou e consta que meu cartão foi devolvido ao remetente. Agora quero saber como faço para pedir o reenvio do mesmo. <br />Código de rastreio: BJ585660773BR;Iaras;2020-08-19T01:59:42
59;Limite de Crédito;Estou à 9 meses últilizando o cartão Nubank, e de uns tempos pra cá tentei transferir meus gastos pra ele, pra ver se aumentam meu limite que hj é R$ 450,00. Já tentei bilhões de vezes pedir aumento naquele aplicativo, mas nada, sempre mandam um e-mail dizendo a mesma baboseira, gasto em torno de R$ 2000,00 reais nos últimos meses com compras e antecipação de pagamento, e nada desse limite aumentar. Aí eu falo no chat (que não serviu pra absolutamente nada) e dizem que estou realmente ultilizando muito o cartão, antecipando pagamentos, pagando certinho, mas dizem que pode ser análise do meu CPF (o que está maravilhosamente perfeito, até pq nunca atrasei nada na minha vida e inclusive meu score no Serasa tbm é maravilhoso) ou pode ser que a operadora não tenha limites próprios pra está disponibilizando ( o que eu acho uma palhaçada, até pq dá ao menos uns R$ 1000,00 de limite não vai levar uma empresa bilhonaria a falência né) ah e eles tbm dizem que só a porcaria do sistema deles que pode fazer isso. <br />Affs nunca atrasei uma só fatura, nem paguei no dia do vencimento, sempre pago antes e tem meses que a fatura fecha zerada, ahh e ainda tem um fato de que uso a Nuconta no dia dia e inclusive pra realizar pagamentos e antecipações do próprio cartão de crédito. Enfim, cliente só pede aumento de limite no Nubank pra passar raiva.<br />Queria que cortassem esse papo furado de sistema e fizessem as coisas acontecerem...<br /><br />Sinceramente, achava que a Nubank era uma empresa diferente, mas pelo visto, só se destaca mesmo na cor do cartão...;Santa Inês;2020-08-19T01:40:56
60;Dinheiro bloqueado;No dia 03/08 me ligaram da nubank, perguntei sobre o auxílio eles pediram minhas informações eu passei, ai contou 500 reais eu transferi achando que era do auxílio, na data de 05/08 meu caixa tem constou outra parcela paguei o boleto e minha conta foi bloqueada quando caiu o valor de 600 reais.;São Paulo;2020-08-19T00:16:34
61;TED não caiu na Conta ate hj - 12 dias;Enviei no dia 04 de agosto de 2020  um ted no valor de R$ 380,00 da minha conta jurídica (CNPJ: 36.380.346.0001-00) Agencia:0001 Conta Corrente: 39047906-6  para o banco do brasil, agência e conta corretos, o valor não chegou e nem voltou.<br />Entrei em contato 3 vezes com a nubank.<br />O primeiro atendente disse que o dinheiro voltaria em 3 horas <br />O segundo disse que voltaria no mesmo dia <br />E o terceiro disse pra eu resolver como banco do Brasil.<br />E no momento estou retirando minha portabilidade de salário, e que fique claro que entrei em contato logo após da transferência.<br />A conta de destino também era minha  mesmo<br />A conclusão foi que fiquei sem os R$ 380,00 .;Brasília;2020-08-18T23:58:19
62;Cobrança indevida;Estou com o problema com a nubank fiz uma contestação de uma compra indevida que eu nao fiz e nem autorizei no mesmo dia fizeram essa compra, entrei logo em contato com a nubank ele falou que resolveriam o meu problema fiquei logo tranquilo rapidamente bloquei meu cartão depois de três meses voltou a mesma cobrança ja esta para vence e eu nao tenho dinheiro para uma compra que eu não fiz entrei contato com eles pelo chat e nada demorei a mesma respostas :-não podemos fazer mais nada  falava manda mensagem pelo o email a mesma respostas.;Guanambi;2020-08-18T22:53:42
63;Depósito na nuconta;Fiz dois depósitos hoje pela manhã só que não houve nenhuma alteração no saldo da nuconta , e fiquei mas frustrado em saber que os depósitos feitos através de boletos só aparecerá com 3 dias . Só que preciso da quantia em valor espécie urgentemente para resolver uma realização pessoal , espero um retorno att: Lucas;Abreu e Lima;2020-08-18T22:51:05
64;Nubank SKY clonado;"Meu cartão foi clonado. Fizeram uma compras várias vezes 57,00 e outros valores em uma loja chamada &quot;Sky&quot; e já reportei à Nubank. De início, a empresa deixou um crédito no mesmo valor no meu cartão, já tive esse problema com Nubank uma outra vez, que no caso não foi solucionado apenas me enviaram um novo cartão. Na internet tem um monte de gente reclamando de compra que não fizeram nesse mesmo &quot;lugar&quot; (Sky). Não sei como clonaram meus dados, mas a empresa precisa me pagar esse valor imediatamente, ou vou entrar com um processo de pequenas causas.preciso de uma posição pois caso contrário não teria condições de continuar utilizando o Nubank.";Maringá;2020-08-18T22:10:47
65;Erro em depósito de boleto;"Olha, explicarei meu problema em apenas uma mensagem. <br /><br />Eu gerei um boleto no valor de R$600,00,o código do boleto era &quot;23793381286003460030852000063306383370000060000&quot;. <br /><br />O pagador, no momento da digitação do código, errou um dígito do boleto (que segue em anexo).  <br /><br />Isso, supostamente (em alegação feita pelo próprio banco), gerou o depósito do valor na conta de outro cliente Nubank.  <br /><br />O comprovante marca que o pagamento ocorreu no dia 03/08/2020. <br /><br />Estou em contato com o Nubank via chat desde o dia 07/08/2020 com print de todo o histórico. <br /><br />A solução que o Nubank deu é de que entrariam em contato com o cliente que recebeu o valor indevido para que esse reconheça o depósito incorreto. O que já não faz sentido, mas me afirmou retornar via e-mail. <br /><br />Dia 09/08 conversei bastante com uma atendente no chat, a fim de conseguir um prazo para resolução do meu problema. Entretanto, a atendente não me passou nenhuma solução plausível. Me disse apenas que eu devia confiar na boa vontade do outro cliente para reconhecer o depósito errado e então o valor ser passado para mim. <br /><br />Insisti que ela me passasse um procedimento alternativo, mas não me responderam. <br /><br />Dia 11/08 abri um Reclame Aqui informando o ocorrido e cobrando posição que até agora não foi respondido. <br /><br /> Agora minha reclamação é pelo tempo que estou esperando para a solução desse problema que me parece absurdo! O banco simplesmente não me responde mais no chat e não tentou em momento algum me contactar por email. <br /><br /> Hoje é dia 18/08/2020 e o Nubank não me posicionou de forma concreta como e nem quando vou receber meu depósito, que transtorno com o banco que vende ser diferente em termos de burocracia. <br /><br />Estou realmente buscando saber como o Nubank vai corrigir este erro, uma vez que tenho como provar que o depósito deveria ser em minha conta. <br /><br />Minha solicitação é:  <br /><br />Qual o prazo pra que isso se resolva? A desculpa vai seguir sendo a de que o outro cliente deve ter bom senso e devolver meu dinheiro?? <br /><br />Quanto transtorno com o banco que confiei para garantir minha paz financeira!";São Paulo;2020-08-18T21:57:38
66;atualizacao endereco;Prezados tudo bem?<br /><br /><br />Estou tentando há dias contato no sac para atualização de endereço do meu cadastro na vossa empresa, porém sem sucesso. Aguardo retorno. Sem mais.<br /><br /><br />Att<br />Tiago Montagnini;São José do Rio Preto;2020-08-18T21:57:14
67;Decepcionada;Achava o nubank excelente mas errou feio comigo e agora vou mudar para o digio perdeu cliente eu fiz uma contestacao de uma compra  e o nubank deu o credito  de confiança e logo depois a empresa fez o estorno fiquei com o estorno e com credito de confiança  na fatura mas paguei a 1 parcela dessa compra agora o nubank retirou  o crédito  de confiança  sendo que já  paguei 1 parcela só falta 1 parcela e nao duas veio cobrando  134,27 reais sendo que já  paguei a primeira  parcela de 67,13 só falta 67,13 o erro foi de vocês;Salvador;2020-08-18T21:49:56
68;Não recebi o valor que foi estornado;Cancelei com a Netflix, o valpr era pra ser estornado mês passado. Porém não foi. Paguei essa última parcela a Netflix, porém não era para vir a cobrança. Entrei em contato com a Netflix, porém eles falaram para resolver com o banco, pois eles ja mandaram o entorno. Então estou até agora aguardando o estorno do banco. <br />Gostaria de alguma informação e uma direção. Desde já agradeço!;Curitiba;2020-08-18T21:43:05
69;Estorno de valor cobrado indevidamente. Compra não foi finalizada!!!!;Hoje dia 18/08 fui efetuar uma recarga pelo site da Tim, utilizando o cartão virtual. A recarga deu erro e NÃO foi finalizada. No mesmo momento recebi um SMS informando o erro. Porém mesmo assim o valor foi debitado do cartão. De imediato solicitei a contestação do valor e enviei o print comprovante que a recarga NÃO foi realizada. Logo depois visando resolver o mais rápido possível, tentei contato pelo chat. Tentativa inútil! Os poucos atendentes que consegui falar pareciam NÃO ler o meu relato, de que a Tim NÃO processou a recarga. E me passam a mesma orientação inútil de entrar em contato com o estabelecimento, mesmo eu informando que já não era mais com eles. E, quando questionava me mandavam mensagem automática. Foram 4 tentativas, até que desisti de lidar com isto de uma maneira tranquila, porque enquanto tentei facilitar, a Nubank só dificultou. <br />Enfim, agora continuo com a cobrança no meu cartão e mais uma vez recebi um e-mail pedindo para que eu entrasse em contato com a Tim. Querem que eu fique 3h tentando falar com eles para ouvir que não vai ser com eles e que devo pedir o cancelamento com o banco.<br />Já faz um boom tempo que estou insatisfeita com o atendimento e serviço prestado pela Nubank. E este será mais um dos motivos pelo qual JAMAIS vou recomendar vocês e qual me fez solicitar o cancelamento do cartão e fechar a conta. Nubank só tem nome, não passa de uma mentira e de um banco TÃO RUIM QUANTO OS OUTROS! QUERO O MEU REEMBOLSOO!;São Paulo;2020-08-18T21:42:05
70;CANCELARAM MEU REWARDS ME ACUSANDO DE CONDUTA ILÍCITA - FUJAM DESTE BANQUINHO!!!!!!!!!!!!!!!!;"Aderi ao Nubank Rewards, programa de relacionamento desse banquinho. Tentei transferir minhas minhas e não conseguia. <br /><br />Depois disso fui surpreendido com a seguinte mensagem:<br /><br />&quot;Acreditamos que a transparência é essencial para o uso dos nossos produtos, por isso gostaríamos de te deixar ciente que notamos algumas movimentações fora do padrão de uso do Rewards e sendo considerado esse um uso indevido, por decisão interna do Nubank baseada em nosso contrato, estamos encerramento o seu vínculo com o programa de pontos Rewards.<br /><br />O nosso programa de pontos Rewards é feito com base em algumas regras previstas em contrato, ele abrange uma série de condições e informações importantes, que incluem:<br /><br />- Cancelamento do programa, por decisão do Nubank ou do cliente;<br />- Suspensão do programa;<br />- Perda de pontos acumulados;<br />- Estorno proporcional e não integral da assinatura, dependendo do dia que é cancelado o programa;<br />- Renovação automática da assinatura, caso não seja feito o cancelamento;<br />- Empresas parceiras e categorias de compras aplicáveis;<br />- Utilização dos pontos acumulados;<br />- Transações que pontuam;<br />- Campanhas promocionais;<br />- Custo do Rewards, prazo gratuito e valor das assinaturas;<br />- Bloqueio da assinatura;<br /><br />Conforme consta em nosso contrato:<br /><br />15.1 Independentemente de notificação ou qualquer outra formalidade, o Nubank poderá realizar o bloqueio da sua participação ao Rewards, caso sejam verificadas operações fora do seu padrão de uso, suspeitas de [Editado pelo Reclame Aqui]s financeiros, inconsistências cadastrais, utilização indevida que desrespeite qualquer condição presente neste Regulamento e/ou em outras contratações mantidas junto ao Nubank e/ou previsão constante na legislação vigente aplicável.<br /><br />É sempre importante ler e consultar o nosso contrato do Rewards, você pode acessá-lo nesse link aqui: https://nubank.com.br/contrato/regulamento-rewards/<br /><br />A partir do momento que a sua assinatura for cancelada internamente não será mais possível assinar o Rewards em seu aplicativo.<br /><br />Ficamos à disposição.<br /><br />Abraços,&quot;<br /><br />OU SEJA, INSINUAM QUE TIVE [Editado pelo Reclame Aqui], ENQUANTO O ERRO FOI DELES.<br /><br />Não se identificam, tratam o cliente como se o Banco fosse uma coisa &quot;legal, diferente e roxa&quot;, enquanto simplesmente SÃO PIORES DO QUE QUALQUER OUTRO BANCO. <br /><br />Troquei outros emails e parecia que conversava com um chatbot.<br /><br />Minha ultima tentativa antes de processar esse banquinho!!!";Rio de Janeiro;2020-08-18T21:05:13
71;não aceitação de documentação;Faz um ano estou querendo abrir conta no Nubank e não ta aceitando meu documento de refugio no Brasil sendo que conforme lei 9.474/1997 e o Decreto nro 9.277/2018 omde asseguram ao portador do documento os direitos em anexo abaixo.<br />Os banvos são 100% obrigados a realizar ou brindar pro cliente pelo menos uma conta corrente. A informação que o banco me passa é qye não aceitaram meu documento. Por gentileza me ajudem com o Nubqnk pois aparentemente estão muito desinformados.;Estância Velha;2020-08-18T20:40:08
72;Não recebo meu cartao;Entro no app para rastrear ..está escrito que pedimos mais uma tentativa de entrega..sendo que já coloquei o endereço de entrega do meu trabalho pois fico o dia todo em horário comercial queria saber se eles entrega depois das 18 hrs? Ou o rastreio está errado pois o endereço que está para envio do cartão já conferi várias vezes e não recebo meu cartão;Londrina;2020-08-18T20:24:32
73;Aumento de limite;Possuo o cartão de crédito há mais de 3 anos com limite inicial de 400 reais e nunca aumentam o limite porém mês passado deram limite de 50 reais mas acho pouco pelo tempo de uso do cartão e por pagar em dia as faturas!;Ponta Grossa;2020-08-18T20:12:43
74;Meu dinheiro sumiu;Fiz 2 boletos pra passar um dinheiro do meu marido do caixa tem (FGTS) pra nuconta.... Um boleto foi normal e caiu o dinheiro, e o outro o dinheiro sumiu .... O boleto foi dado como pago (entrei em contato com o caixa tem) mas o dinheiro não caiu na conta.... Disseram que estava no nome de um rapaz entrei em contato com ele e ele disse que não recebeu nada na data que eles disseram .... EU QUERO O MEU DINHEIRO, OU VOU PROCESSAR A NUBANK.... Vocês erram e nos que pagamos o pato? Pelo amor de Deus em;Taquaritinga;2020-08-18T19:49:45
75;Limite;É um absurdo o que a nubank faz, tenho mais de 1 ano com o cartão de crédito,  sempre pago antes,  antecipo parcelas, compro quase sempre com o limite total, e quando peço um aumeto de limite nãome dão,  e meu scory está perfeito, a nubank tem que melhorar nisso, nenhum cliente que paga em dias, aguenta isso nao, Nubank, aumente meu limite, ou cancelarei o cartão!;Candeias;2020-08-18T19:32:51
76;DESBLOQUEIO DO CARTÃO;Passei Dois Mês Sem Usa O Cartão Porque Estava Nesse Bloqueio Preventivo Sendo Q Dia 20 Recebo um Email Dizendo q Meu Cartão Estava Desbloqueado Sendo que não tava ai fui no chat a maria q atendeu fez o desbloqueio ai fiz umas compra dia 5 cartão volta com o bloqueio;Quixeramobim;2020-08-18T19:31:42
77;Demora pra realizar estorno de compra;Eu NÃO realizei uma compra na Microsoft e foi descontado $299 na minha fatura. Entrei em contato com a Microsoft e imediatamente eles cancelaram o valor e solicitaram o estorno. Segundo eles o valor seria descontado da minha fatura em até 3 dias. Entretanto, apesar da compra aparecer riscada ela não foi descontada da minha fatura. Já entrei em contato com a Nubank e eles disseram que eu preciso esperar DUAS faturas pra receber o estorno. Minha fatura vence semana que vem e eu não vou pagar um valor de uma compra que não realizei.;Montes Claros;2020-08-18T18:49:12
78;Não liberar crédito mesmo movimentando a conta;A 1 ano usando a nuconta movimentando minha conta e não liberam crédito para mim de jeito algum já tentei de tudo e tenho o nome limpo , usar só a função débito não dá ,;Belo Horizonte;2020-08-18T18:33:19
79;Certo! O problema é Justamentepaguei e estão cobrando na fatura que venceu esse mês de Agosto. Segue o print. Não tem desconto ao final de nada! Estão cobrando coisas que eu já paguei desde o mês passado. Por exemplo, tem uma comprar lá dívida em 3 x da A;Certo! Do Pittol entendi, mas do outro caso não! paguei e estão me cobrando,  até uma compra da Amazon que por sinal eles me deram um estorno e também o crédito ( esse crédito nesse cartão eu nem sei onde foi parar)   olhe no print por favor, o último valor de 32,21 foi cobrado novamente! Isso porque????? Se ele venceu dia 6 de Julho e eu paguei essa fatura desde o vencimento desse mesmo mês? Comprei no dia 11 de Maio, foi cobrado no dia 13 de Maio a primeira parcela e eu paguei, depois cobraram no dia 6 e eu paguei no vencimento do dia 13 de junho, e depois venceu a última do dia 6 de julho e eu paguei o vencimento do dia 13 de julho, então porque cobraram novamente nessa fatura? Desse mês de agosto????? E cadê explicando sobre o reembolso de cerca de 50 e poucos reais feitos pela Amazon??? Incluindo uma espécie de crédito???? O que está acontecendo por favor. Do Pittol eu fiz agora as contas, mas e do Amazon??? Pq estão cobrando??? Que isso mesmo??? Vou mandar o print. Veja aí pq eu lembro que tinha o extorno do Amazon no aplicativo do nubank e um tal crédito. Agora eu vi aqui que estão me cobrando uma parcela já paga também.;Caculé;2020-08-18T18:22:46
80;BLOQUEARAM MEU CARTÃO MAIS DE 100 dias;Estou com meu cartão bloqueado mais de 100 dias e eu tentei saber quando irá desbloquear e ninguém me responde, já falei por e-mail, pelo chat, ouvidoria tudo que é forma, mais de 4 meses já se passaram e não consigo nem usar o dinheiro meu que tá lá mais de 26 mil, não to nem acreditando que a Nubank tá fazendo isso comigo, quero usar meu dinheiro pelo amor de Deus .. <br /><br />Meu e-Mail: sullivan.usk@gmail.com;São Paulo;2020-08-18T18:10:45
81;Dinheiro bloqueado;Bloquearam meu dinheiro sem nenhum motivo, não consigo transferir, sacar, pagar boleto ou qualquer outra operação que movimente o meu saldo que está na conta. Ele está bloqueado, sempre quando eu tento transferir aparece a mensagem erro de conexão atualize o histórico. Já tentei solicitar o problema via chat e e-mail mas não obtive sucesso. É inadmissível um banco digital do porte do nubank fazer isso com seus usuários;Brasília;2020-08-18T18:09:43
82;Bloqueio preventivo;Boa tarde,mais uma vez venho aqui detalhar a falta de respeito com os cliente que está empresa tem,me respondeu a última reclamação mentindo e ometindo seus atos,falando que depositou crédito de confiança na minha conta, esses [Editado pelo Reclame Aqui] eles bloquearam meu cartão não deixam eu usar o cartão,ou seja falta de respeito e o pior nem eles conseguem dar uma explicação concreta só falam que é pra minha segurança,quero saber segurança do que ? Não a [Editado pelo Reclame Aqui] nenhuma com o cartão nunca tive problemas e a primeira vez que tive problemas com uma compra pedi a ajuda deles além de demorarem ainda bloqueiam meu cartão . Preciso do meu cartão desbloqueado imediatamente .;São Paulo;2020-08-18T17:59:41
83;Nubank S/A - Retirem meu nome do SCR - BANCO CENTRAL, com Urgência;fiquei desempregado a atrazei meu cartão de credito! após ter minha vida financiera reativada de pronto imediato iniciei contato com o nubank para informalos que estava disposto a pagar! E conforme prometi eu paguei todos meus debitos com eles! Porém meu nome consta como devedor no SCR do banco cental ao tirar qualquer relatório no registrato sendo da data atual consta a restrição no nubank! Eu compri com meus compromisso de pagar! agora preciso que liberem meu nome!;Curitiba;2020-08-18T17:56:17
84;Não consigo acessar o app  só volta na tela inicial;não consigo acessar o app nubank  so volta na tela inicial;Indaial;2020-08-18T17:40:26
85;PAGUEI O BOLETO E NÃO CAIU O DINHEIRO NA MINAH CONTA NUBANK;Paguei o boleto a mais de 7 dias e o valor ainda não caiu na minha conta do Nubank, nunca mais utilizo vocês.;São Paulo;2020-08-18T17:38:13
86;Bloqueio preventivo do cartão;Recebi o cartão Nubank, quando tentei desbloquea-lo, ele ficou com um bloqueio preventivo, a empresa pediu para enviar um email, enviei, porém a espera é muito grande por um atendimento de um simples desbloqueio de cartão.<br />O que eu imaginava q iria descomplicar minha vida, pois acabei de cancelar um cartão da concorrente, acabou por se tornar uma frustração.;São Paulo;2020-08-18T17:18:56
87;Cobrança na FATURA sem dados;Minha fatura está sendo cobrado um valor de total de R$ 918,31 parcelado em 9x de R$ 102,03 com inicio da Cobrança em Fevereiro e não conseguem localizar aonde e quem e o que foi comprado!!<br />Quero saber de onde está essa cobrança;Atibaia;2020-08-18T17:14:51
88;Descaso e clonagem de dados;Dia 14/08/2020 meu cartão foi rackeado e foram efetuadas duas compras no meu cartão virtual na função débito no app iFood, uma às 18:23h no valor de R$ 55,99 e outra às 18:32h no valor de R$ 211,98. Porém essas compras não foram feitas por mim e as desconheço. Ao perceber as mensagens chegando de aprovação de compras acessei o app nubank e bloquei os cartões e entrei em contato  imediatamente com o app às 18:37h do mesmo dia, e implorei para me ajudarem pois algo estava errado e eu não havia feito aquelas compras. Enquanto isso inúmeras tentativas de outras comprar foram feitas, inclusive no site da loja arezzo, mas como já havia bloqueado o cartão não foram autorizadas essas comrpas. O Nubank foi me responder já eram 23:29h e por uma atendente que veio falar que era a uber eats me cobrando e depois veio com uma conversa toda atrapalhada sem pé nem cabeça. Questionei as informações e ela me pediu informações do app ifood por onde foram feitos os débitos e enviei tudo a ela, todos os prints pra depois ela me falar às 00:15h do dia 15/08 que outro atendente iria continuar falando comigo e isso só ocorreu às 00:48h. Por fim, me foi respondido que são de 05 dias úteis a 50 dias para resolver essa situação causada pela falta de segurança dos dados do meu cartão e eu tenho que aguardar. É uma falta de vergonha uma situação dessas. Além de autorizarem [Editado pelo Reclame Aqui] o meu dinheiro eu ainda sou tratada com descaso. Um dia esse nubank já foi bom. Já é a 2 vez que isso acontece. Estou sem meu dinheiro que fruto do suor do meu trabalho e sem respostas. É um absurdo passar por isso.;Goiânia;2020-08-18T17:11:02
89;NAO RESPEITAM O PEDIDO DE CANCELAMENTO DO CLIENTE;JA TENTEI VARIAS VEZES SOLICITAR O CANCELAMENTO DE MINHA CONTA SEM SUCESSO. SOLICITO QUE ENCERREM MINHA CONTA E QUAISQUER PRODUTO QUE EU TENHA JUNTO A ESSA EMPRESA. <br />MOTIVO : DESINTERESSE...<br /><br />DESDE JA MUITO OBRIGADO;Visconde do Rio Branco;2020-08-18T16:59:32
90;Cobrança de juros e multa indevidos;Tenho um cartão de crédito Nubank com vencimento mensal todo dia 24. Em julho, gerei um boleto no app para pagar a fatura e o vencimento dele era no dia 24 (como ocorre todo mês com os boletos gerados para pagar o cartão de crédito). Acontece que o dia 24/07 caiu em uma sexta-feira e, mesmo com o boleto tendo sido pago nesse dia, foi descontado na segunda, 27.<br />Assim, o banco considerou atraso e está cobrando quase 20 reais de multa. Qual o sentido de gerar um boleto com vencimento na mesma data do cartão de crédito se pode cair somente dias depois? Mesmo que se pague o boleto sem atraso (dentro da data de vencimento dele), o cliente pode ser cobrado, sem culpa nenhuma, pela demora na transação.<br />Fiquei decepcionada porque não atrasei o pagamento, apenas paguei o boleto gerado pelo próprio Nubank.;São Paulo;2020-08-18T16:54:50
91;Impossibilitado de realizar transações;Está com dois dias que tento realizar pagamentos e transferência pela minha conta nubank e não consigo.<br />Isso é um desaforo!<br />Aparece sempre a mesma mensagem: Tivemos um problema com a sua conexão. Atualize o histórico de movimentações da sua nuconta para verificar se sua transferência foi concluída.<br />Preciso urgente realizar minhas transações.<br />No aguardo.;Fortaleza;2020-08-18T16:35:09
92;Não consigo entrar na minha conta nuconta;Boa tarde,como eu não consigo entrar na minha conta,eu gostaria que vcs jogada em o dinheiro que está depositando lá vcs transfere pra minha outra conta da caixa,mas desde já eu lhes agradeço,me desculpe se eu não pude pude fazer parte do seu grupo.meu nome:Cleano Miguel Basílio.agencia:0181 operação 023 conta-Dv:020514-6;Duque de Caxias;2020-08-18T16:33:50
93;Boleto;Eu realizei uma compra pelo site da americanas e foi gerado um boleto e um numero de pedido, mas quando consultei o pedido gerado (apos o pagamento do boleto) a mesma me informaram que nao ha pedido e que se tratava de um possivel [Editado pelo Reclame Aqui], entrei em contato com as instituicoes e me pediram pra entrar em contato com a nubenk  (o destinatario do boleto) para obter alguma resposta sobre o banco que recebeu ou o destinatario ... mas nao estou conseguindo contato com os mesmos... gostaria muito de uma resposta dos m3smos o quato antes ... grato;Piraquara;2020-08-18T16:08:58
94;Bloqueio do cartão;Tenho um cartão que está bloqueado ser ter motivos. Já solicitei desbloqueio pelo chat e por email do time responsável, mas não consegui resolver. Então só me resta esse canal de atendimento;Cícero Dantas;2020-08-18T15:43:56
95;Bloquearam minha conta mais uma vez;Boa tarde <br />Minha conta foi bloqueada e preciso saber o motivo é preciso que façam o desbloqueio com urgência pois preciso utilizar o meu dinheiro, é inacreditável um banco que bloqueia minha conta e não manda nenhuma mensagem e-mail ou telefonema antes sequer para informar nada já mandei extratos já confirmei meus dados não existe motivo nenhum para bloqueio resolvam esse problema. Vocês são um banco ao qual tive o desprazer de trabalhar e logo deixarei de usar;São Paulo;2020-08-18T15:14:38
96;Meu cartão está bloqueado;"Olá,<br /><br />Meu cartão está bloqueado há alguns anos, recebi um convite, fiz o cadastro, fui aprovado e recebi o cartão Nubank, mas infelizmente não tive a oportunidade de utilizá-lo, pois o mesmo entrou em &quot;bloqueio temporário&quot;, e assim perdura até hoje. Por que isso aconteceu, sendo que nem cheguei a usar o cartão? Quando terei a oportunidade de utilizar esse cartão? <br /><br />Tenho acesso ao app, mas lá não há mais nenhuma informação. <br /><br />Aguardo resposta. <br /><br />Grata.";Senador La Rocque;2020-08-18T15:13:47
97;Boleto não chega no email;Estou tentando enviar um boleto pra depósito pro meu e-mail, aparece a mensagem dizendo que foi enviado mas nunca chega... preciso que resolvam isso pra mim, por favor!!;Juiz de Fora;2020-08-18T14:55:12
98;Pagamento em duplicidade;Paguei antecipadamente a fatura do cartão com vencimento dia 15/08/20 no dia 20/07 o valor de R$ 32,89, porém esse valor foi debitado novamente de minha conta bancária sendo que minha fatura do cartão se encontra zerada. Gostaria de reaver esse valor pago em duplicidade, nos moldes do artigo. 42 do CDC.;Florianópolis;2020-08-18T14:52:16
99;Processamento do estorno;As casa bahia realizou o estorno para o cartão em 11/08 E nada de baixa em meu cartao Agora estou com a fatura atrasada cartão bloqueado por causa desse estorno nao foi processado aindaNão concordo aguarda de 1 a 2 fatura para o valor ser baixado Enquanto isso fico com minha fatura ocorrendo juro;São Paulo;2020-08-18T14:36:55
